1;"Santori (Sardine): ""Ora legge elettorale proporzionale con le preferenze e il Pd non rinvii la battaglia sui diritti"" ";NONE
2;"Regionali 2020, Imperia: mercoledì 9 settembre le ""6000 Sardine Ponentine"" in treno a sostegno dei giovani. ""Nessuno ha il coraggio di investire davvero su di loro"" ";NONE
3;Palermo, Sardine in piazza per il No al taglio dei parlamentari ;NONE
4;Sanremo: il gruppo 6000 Sardine Ponentine vorrebbe realizzare una scritta gigante per promuovere l'accoglienza ;NONE
5;Elezioni regionali. Mercoledì le '6000 Sardine Ponentine' in treno da Diano Marina a Ventimiglia per “Young Lives Matter” ;NONE
6;"L'arroganza delle Sardine: ""Il Pd ha vinto le regionali ma il merito è nostro"" ";NONE
7;"Omicidio Don Roberto, Mattia Santori: ""Non mi permetterei mai di commentare un accaduto di questo tipo"" ";NONE
8;Santori si toglie dalla naftalina (e aizza la gente contro il centrodestra) ;NONE
9;Referendum, dalle Sardine a Orfini al berlusconiano Malan: il No si ritrova in piazza (con poca gente) ;NONE
10;"La Sardina Mattia Santori: ""Il grande fraintendimento è aver pensato che esistono le Sardine come ente corporativo della buona politica, invece si tratta di sardinitudine"" ";NONE
11;"""I toscani sono intelligenti..."". Sardine velenose sulla Ceccardi ";NONE
12;La replica silenziosa delle Sardine al comizio di Salvini a Valenza: “Era tempo di tornare in piazza” ;NONE
13;"Referendum taglio parlamentari, la Sardina Mattia Santori: ""Puzza di ipocrisia e populismo, voto no perché tagliano le poltrone col culo degli altri"" ";NONE
14;Referendum, fronte del no in piazza a Roma il 12 settembre ‘guidato’ dalle Sardine ;NONE
15;"Regionali, Nichi Vendola torna in piazza e lo fa con le Sardine: ""La Puglia non si Fitta"" ";NONE
16;Seimila sardine attese in Piazza del Popolo a Faenza ;NONE
17;"Il 'treno' delle sardine: ""Dialogo con Sansa per far sentire la voce dei giovani"" ";NONE
18;Sardine, piazza semi-vuota a Roma: la manifestazione per il No al referendum è un flop ;NONE
19;Le Sardine scendono in piazza a Faenza: appuntamento domenica 13 settembre ;NONE
20;"Da Diano a Ventimiglia: ""In treno con le Sardine Ponentine"". ""Vogliamo far sentire la voce dei giovani"" / Foto e video ";NONE
21;il 13 settembre le Sardine in piazza a Faenza ;NONE
22;Il taglio indebolisce gli elettori, non gli eletti. Perché noi Sardine siamo per il No ;NONE
23;"""Nessuno è straniero"", le Sardine Ponentine realizzano una scritta sulla passeggiata del Sud Est a Sanremo ";NONE
24;Sardine, «Mai più fascismo». Il 18 settembre in piazza Unità tutti in silenzio, suonerà solo un violino ;NONE
25;Dopo il referendum, i partigiani tornano a riprendersi le piazze a difesa della Costituzione ;NONE
26;Intervista ad alcuni esponenti del movimento 6000 Sardine ;NONE
27;"È stata oscurata la pagina Facebook delle ""6000 sardine"" ";NONE
28;Bologna 2 agosto, il ritorno delle Sardine: 10 stazioni della memoria ;NONE
29;Bari, le Sardine scendono in piazza: 'In questo territorio non c'è spazio per le destre sovraniste' ;NONE
30;"Le ""6000 sardine"" ora sono un marchio registrato in Ue ";NONE
31;FAENZA: Le sardine tornano in piazza per parlare di elezioni e referendum ;NONE
32;"Il gennaio ""caldo"" delle Sardine che si trasformano in movimento ";NONE
33;Movimento docenti, studenti disabili “dimenticati” ;NONE
34;“6000 piantine” in Piazza Maggiore per finanziare la cultura estiva a Bologna, l'installazione è delle Sardine ;NONE
35;"Razzismo, 6000 Sardine a Roma per dire ""no a violenze e abusi potere"" ";NONE
36;"""Così sono nate le 6000 sardine"": storia di Giulia, l'aretina che ha creato con tre amici il movimento anti Salvini ";NONE
37;"Le Sardine Ponentine cambiano il nome in ""6000 Sardine Ponentine"" ";NONE
38;#Sardineontour a Matera, accolti dal gruppo “6000 Sardine Basilicata” ;NONE
39;"Referendum, Sardine si schierano per il no: ""Non possiamo tacere"" ";NONE
40;'6000 Sardine Grosseto' flash mob ad Orbetello ;NONE
41;Il movimento 6000 Sardine arriva anche a Rieti ;NONE
42;"""Che nome dare all'evento?"". 6000 sardine: ""Le origini"" ";NONE
43;La lettera delle 6000 Sardine a Giuseppe Conte ;NONE
44;Tornano le sardine, venerdì sera scendono in piazza a Fondi ;NONE
45;6000 Sardine E.T.S.: la polemica sulla società dei fondatori delle Sardine ;NONE
46;"Le Sardine dopo la prima frattura: ""Con le foto si può sbagliare ma il mare è di tutti"" ";NONE
47;"Il ""movimento delle sardine"" anche in Spagna: nato il gruppo ""6000 Sardine Madrid"" ";NONE
48;Santori di 6000 Sardine: 'Le pance sono piene di slogan, noi puntiamo ai cervelli' ;NONE
49;L’appello di 6000 Sardine Rimini. Rispettare le norme per riuscire a ripartire ;NONE
50;Ventimiglia, 6000 Sardine Ponentine e Rete Sanremo Solidale invitano associazioni a flash mob contro chiusura di Campo Roja ;NONE
51;Regionali, Jasmine Cristallo (sardine): “Sì alleanza Pd-M5s ;NONE
52;VIDEO | Arriva l'inno delle Sardine: “6000 (siamo una voce)” - DIRE.it ;NONE
53;Anche Asti ha le sue “6000 Sardine”, in piazza il 14 dicembre con un flash mob ;NONE
54;6000 Sardine al mercato regalano mascherine ;NONE
55;Lettera aperta delle 6000 Sardine Cuneo a Marco Rossi ;NONE
56;Le Sardine tornano in piazza a Genova: “Pronti a fare la nostra parte in vista delle regionali” ;NONE
57;Le Sardine tornano a nuotare ;NONE
58;6000 sardine contro Salvini, cos'è il nuovo movimento di Bologna ;NONE
59;Le Sardine arrivano a Stella: “Ascoltare le esigenze dei cittadini e rivolvere le problematiche dei territori” ;NONE
60;6000 Sardine Umbria tenta la mobilitazione a Terni ma fa flop. Puntiamo sulla manifestazione del 23 ;NONE
61;"Mattia Santori, la biografia delle sardine: ""Chi è davvero, sognatore e vulcano d'idee"". Travolto dagli insulti ";NONE
62;"Le ""6000 sardine"" diventano marchio registrato ";NONE
63;Sardine contro Salvini, da Bologna a New York. I 54 gruppi nati in pochi giorni ;NONE
64;«Occhi stanchi, responsabilità enorme, vita vagabonda: un trascinatore», l'identikit del leader delle Sardine Mattia Santori ;NONE
65;Le sardine pubblicano il loro Manifesto e si prendono sempre più piazze ;NONE
66;Lorenzo Donnoli delle 6000 sardine aggredito a Bologna: «Fr**io di merda» ;NONE
67;"""Non siamo nessuno, ma ci diverte lanciare la monetina"". Parla Santori, leader delle Sardine ";NONE
68;Regionali 2020, le Sardine: “La gente si è svegliata: è la nostra vittoria. Ci vediamo a Scampia” ;NONE
69;"Coronavirus, la denuncia delle Sardine: ""Su Telegram si organizzano per andare in piazza il 4 maggio"" ";NONE
70;Covid-19, ‘6000 Sardine italiane:”Io resto a casa e faccio 6000 cose” ;NONE
71;Sabato 30 novembre le 6000 Sardine in piazza Santa Teresa a Cosenza ;NONE
72;“6000 Sardine Marcianise”, nasce gruppo anche in città #MarcianiseNonSiLega ;NONE
73;"A Bologna nasce il manifesto delle sardine: ""Cari populisti, ci avete risvegliato"" ";NONE
74;6000 Sardine in piazza per George Floyd FOTO E VIDEO ;NONE
75;"Sanremo, 6000 Sardine Ponentine organizza ""20 shoes against racism"" a sostegno delle politiche anti-razzismo ";NONE
76;6000 sardine anche a Parma ;NONE
77;Le Sardine tornano in piazza a Genova e lanciano un messaggio alla politica: “Basta divisioni” ;NONE
78;Per le Sardine Aldo Moro è stato ucciso dalla mafia? Il tweet galeotto fa il giro del web ;NONE
79;"Santori: ""Regionali, centrosinistra svilito se parla solo di nomi. Le Sardine con i candidati che fanno buone proposte"" ";NONE
80;Sardine ad Amici, Santori, Cristallo e Donnoli da Maria De Filippi: «Basta paura! Pratichiamo la bellezza» – Il video ;NONE
81;L’annuncio delle Sardine: “Adesso tocca a noi, Salvini ha suonato un campanello di troppo” ;NONE
82;Sardine, fake news anti polizia. Ecco la verità sul video del migrante a terra ;NONE
83;Il 2 giugno prende il via “Sardine in Bicicletta…pedalando con la Costituzione” ;NONE
84;Oscurata la pagina delle 6000sardine: ad ora sconosciuto il motivo ;NONE
85;Le Sardine vivono anche ai tempi di Coronavirus: su piattaforma ”Immagina” 6000 sardine scrivono ”Lettera dell'Europa al mondo” ;NONE
86;"Santori alle Sardine: ""Prendiamoci una pausa. Non diventiamo una massa di frustrati"" ";NONE
87;Sardine pronte per il mare aperto. Manifestazioni compatte in 25 città: in piazza da Berlino a New York ;NONE
88;Elezioni regionali a luglio, le Sardine: “Il voto in autunno sarebbe più sicuro” ;NONE
89;"""Bacioni da Torino"", il flash mob delle Sardine al Parco del Valentino ";NONE
90;"Sardine: ""Maggioritario dannoso, minoranze vanno rispettate"" ";NONE
91;Cinque post per raccontare il movimento delle sardine ;NONE
92;Caro Michele abbiamo bisogno di buoni maestri ;NONE
93;"Oscurata la pagina 6000 sardine. E anche a Latina parte la catena della ""solidarietà"" ";NONE
94;Le Sardine migliori amiche del governo: “Mascherine tricolori: una vergogna!” ;NONE
95;Sardine in piazza a Roma ;NONE
96;Sardine, battaglia per la scissione romana. La base si dissocia: “Rimossi i moderatori, Ogongo uomo solo al comando” ;NONE
97;“La Ciociaria non si Lega”: domenica la manifestazione delle “6000 Sardine” ;NONE
98;Movimento delle sardine, il calendario degli eventi e la mappa delle prossime manifestazioni ;NONE
99;"La Sardina pentita si scaglia contro il leader: ""Tra liti e minacce decide soltanto Santori"" ";NONE
100;Sardine, la mia piazza liberata dall'odio ;NONE
101;IL CASTORO | Intervista ad Andrea Gareffa, esponente delle Sardine ;NONE
102;Bologna, ecco chi c'è dietro il movimento delle sardine - ildigitale.it ;NONE
103;Le sardine ora puntano le periferie. Bonaccini: con loro stessi valori ;NONE
104;La manifestazione delle Sardine a Piazza Santi Apostoli ;NONE
105;La moltiplicazione dei pesci… ;NONE
106;"Mattia Santori con Benetton e Toscani, sospetto sulla foto del disastro: ""imboscata"", com'è andata veramente ";NONE
107;"FOTO | Piazza Maggiore strapiena di 'sardine' anti Salvini: ""Bologna non abbocca"" - DIRE.it ";NONE
108;Chi c’è dietro il movimento delle “Sardine”? ;NONE
109;Chi paga il palco delle Sardine a piazza Santi Apostoli? ;NONE
110;"Le ""Sardine"" sono sbarcate in Veneto | Oggi Treviso | News | Il quotidiano con le notizie di Treviso e Provincia ";NONE
111;Chi sono le Sardine, il movimento dei flash mob contro Salvini ;NONE
112;"""Sardina amplifica sardina"" con la ""Bella ciao"" di Tosca ";NONE
113;"Sardine, lettera a Repubblica dei quattro fondatori: ""Noi e la libertà di non fare un partito"" ";NONE
114;Sardine, manifesto valoriale e pausa di riflessione: “E’ uno spartiacque, non la fine” ;NONE
115;Mattia Santori leader delle Sardine “Matteo Salvini scenderà nei sondaggi grazie alla nostra discesa in campo” ;NONE
116;I 10 momenti più importanti del 2019 ;NONE
117;Sardine a Roma in Piazza Santi Apostoli il 16 febbraio ;NONE
118;Sondaggi Emilia Romagna, Bonaccini in testa ;NONE
119;100 mila Sardine d'Italia si uniscono a Roma: e ora? Reportage da Piazza San Giovanni ;NONE
120;Le sardine verso Roma per nuotare oltre Salvini | il manifesto ;NONE
121;Procura di Mansura smentisce torture: 'Zaky non ha alcuna ferita' ;NONE
122;M5S, manifestazione in piazza a Roma contro vitalizi: «Non ci arrendiamo». E le Sardine sfidano Salvini ;NONE
123;Cittadini e associazioni di Taranto scrivono a Conte (per l'ennesima volta) ;NONE
124;"Morte di Bosso, il cordoglio della città: ""Ciao indimenticabile Ezio"" ";NONE
125;Calcio giovanile, “Balun e Matetti”: ad Alassio è andata in scena la prima fase ;NONE
126;Lettera al presidente del Consiglio, Giuseppe Conte, inviata da 3495 cittadini e 18 associazioni tarantine ;NONE
127;Lettera al premier Conte sottoscritta da 1092 cittadini e 14 associazioni ;NONE
128;Terza pec inviata al presidente del Consiglio, Giuseppe Conte, sottoscritta da 2030 cittadini e 18 associazioni • Tarantini Time ;NONE
129;Taranto. Lettera al premier Conte sottoscritta da 1092 cittadini e 14 associazioni ;NONE
130;"""Genitori Tarantini"", terza pec inviata al presidente del Consiglio, Giuseppe Conte, sottoscritta da 2030 cittadini e 18 associazioni ";NONE
131;[L'analisi] Goccia, goccia, goccia: il M5S è l'ultimo esempio del concetto di stillicidio applicato alla politica ;NONE
132;“Agrigento in inchiostro di china” ;NONE
133;IL CUORE DI FRANCESCO: «PORTERÒ OVUNQUE IL NOME DI BENESTARE» ;NONE
134;A Villa San Giovanni la decima edizione della cerimonia di consegna dei Premi di Studio Caronte&Tourist ;NONE
135;"Messina, la Biancaneve dei Balocchi inaugura la ""Stagione della Luna"" ";NONE
136;Cilento: indagine de Il Sole 24 ore, ecco i comuni più ricchi e i più poveri ;NONE
137;Messina: la “Compagnia dei balocchi” inaugura la “Stagione della luna” ;NONE
138;Premiate 85 aziende leader per il Lambrusco: di Parma Ceci e Ariola ;NONE
139;Sport, eccellente prova dei ragazzi della scuola media G. Verga di Canicattì ai Giochi Sportivi Studenteschi 2011 ;NONE
140;"""Festa Pd con il nostro spumante"". La rivendicazione delle Sardine - AGI ";NONE
141;Sardine, Giulia Trappoloni: «In piazza, ma non per sempre» ;NONE
142;Giulia, l'anti-Salvini che ha organizzato la piazza di Bologna ;NONE
143;Giuseppe Conte parteciperà alla Festa dell’Unità di Modena ;NONE
144;La seduta psicanalitica di Santori: nella sua lettera critica il Pd, ma già rivede se stesso ;NONE
145;Appello video della sardina aretina Giulia Trappoloni ;NONE
146;Il tour delle Sardine sbarca a Grosseto: appuntamento alla Uisp ;NONE
147;Sardine Bologna, chi sono i 4 ragazzi che hanno riempito piazza Maggiore ;NONE
148;"Santori attacca Salvini e Borgonzoni: ""Sardine più forti della Bestia"" ";NONE
149;"Sardine, tuffo al Papeete: ""Chi non vota resta spiaggiato"" ";NONE
150;Treviso, i leader delle Sardine incontrano Toscani e Luciano Benetton ;NONE
151;I protagonisti del giorno. Top e Flop del 15 gennaio 2020 ;NONE
152;Sardine, a marzo in libreria il libro dei fondatori ;NONE
153;Le Sardine sbarcano in Maremma: Santori e Trappoloni a Grosseto ;NONE
154;"Scanzi e Trappoloni, incontro a Bologna. Il giornalista: ""Bello sapere che ci sono ancora giovani con un'idea pura di politica"" ";NONE
155;Festa «privata»per le Sardine, che ora si congedano ;NONE
156;Migranti: le Sardine incontrano Mediterranea ;NONE
157;Le Sardine coltivano orti popolari al Caab di Bologna ;NONE
158;Le sardine approdano a Messina, oggi manifestazione in piazza Unione europea - Gazzetta del Sud ;NONE
159;Sardine: lo chef, la suora e l'insegnante, ecco chi sono gli anti-Salvini ;NONE
160;"Il ritorno delle sardine: ""Noi di nuovo in piazza per battere Salvini e i populisti"" ";NONE
161;Sardine senza capi ma Santori emerge ;NONE
162;Elezioni Emilia-Romagna. Maxi concerto delle Sardine a Bologna, Santori: «Sarà un evento epocale» ;NONE
163;"Le Sardine ripartono dalle donne: al via la campagna ""Dalla stessa parte"" ";NONE
164;Salvini a cena e le 'sardine' in piazza il 30 novembre a Firenze ;NONE
165;"Sardine ""slow"" contro la ""fretta"" della Lega ";NONE
166;"Sardina ospita sardina, l'appello per il 19 gennaio: ""L'Emilia-Romagna vi aspetta"" | VIDEO ";NONE
167;"VIDEO | Le Sardine a Palermo: ""Esportare modello Ballarò... qui Salvini non è entrato"" ";NONE
168;Sardine “bruciate” dai Benetton tentano il rilancio ;NONE
169;Bologna, la cena delle Sardine: “Replicare questa esperienza in altre regioni” ;NONE
170;La crisi delle Sardine. Santori stacca la spina: “Ci prendiamo una pausa” ;NONE
171;Sardine Bologna, festa del centrosinistra alle Cucine Popolari ;NONE
172;I quattro amici (senza tessere) delle «sardine» ;NONE
173;Mattia Santori, chi è il leader delle Sardine ;NONE
174;In arrivo il perdibile libro di Santori e co. “Le sardine non esistono” ;NONE
175;Movimento delle Sardine, chi è Mattia Santori? Biografia, curriculum e notizie sul 32enne ;NONE
176;Sardine, chi sono gli ideatori del movimento simbolo della protesta anti-Salvini ;NONE
177;Sardine in crisi d'identità, “eravamo innovazione, purezza, coinvolgimento” ;NONE
178;Le Sardine si spaccano sulla foto dei fondatori con Benetton? No, iniziativa isolata di Ogongo ;NONE
179;Anche Ravenna adesso ha le sue 'Sardine' – Ravenna24ore ;NONE
180;Chi sono le sardine ;NONE
181;Dal laboratorio Bologna alla prova della politica. Le sardine a congresso ;NONE
182;La leader delle 6mila sardine invocava la morte di Salvini ;NONE
183;Le sardine diventano una corrente del Pd ;NONE
184;Unite, radicali e coraggiose ;NONE
185;Chi c'è dietro le Sardine ;NONE
186;Lettera aperta alle sardine ;NONE
187;"La 'mente' delle sardine Santori: ""Non ho più una vita. Riceviamo 200, 300 richieste al giorno"" - AGI ";NONE
188;«È questa la nostra rivoluzione»: dialogo in esclusiva tra Joshua Wong e le Sardine ;NONE
189;Le Sardine ospiti alla Festa Pd, il leader Santori: «Amiamo la politica» ;NONE
190;Il basso profilo di Santori & Co. «camuffati» tra la gente ;NONE
191;L'exploit delle «sardine»: chi sono e dove vogliono andare gl'ideatori dei flash mob anti-Salvini ;NONE
192;Fenomenologia delle Sardine, il ritorno a Bologna a due mesi dal primo flash mob, Santori: «Comunque vada, abbiamo già vinto» ;NONE
193;Voto in Emilia Romagna, sardine verso il gran finale. «Comunque vada, a marzo faremo il congresso ;NONE
194;Sardine, tuffo fuori stagione per i quattro leader nazionali per invitare a votare ;NONE
195;Il 30 novembre 'Sardine' in piazza anche a Firenze, dopo Bologna ;NONE
196;Il Pd sceglie le Sardine ed esclude Renzi ;NONE
197;"Le Sardine tornano in Piazza Maggiore con 6 mila piantine: ""Se si trasformano in fondi per la cultura abbiamo vinto tutti"" ";NONE
198;Sardine, dopo il 26 gennaio avrà inizio la «Fase 3»: ci sarà il primo vero congresso nazionale ;NONE
199;Quella società di Santori & Co. all'insaputa di tutte le sardine ;NONE
200;"Incontro Sardine - studenti Fermi, Lega ad Azzolina: ""Stigmatizzare formalmente l'assemblea"" ";NONE
201;"Coronavirus, i portavoce nazionali delle Sardine: ""Da Fontana a Zaia, classe politica di mediocrità imbarazzante"" ";NONE
202;"Sardine: ""Siamo state l'ossigeno in Emilia-Romagna, da sole non siamo bastate in Calabria"" ";NONE
203;"Sardine a Bologna, Pizzarotti: ""Ieri quattro semplici ragazzi hanno sconfitto la Bestia di Salvini"" ";NONE
204;"Bologna, la sfida a Salvini: ""In seimila sul Crescentone: più sardine che leghisti"" ";NONE
205;"Le ""Sardine"" fanno tappa in città Pranzo con gli attivisti ";NONE
206;Le sardine presentano il loro manifesto: «Cari populisti, la festa è finita» ;NONE
207;Ad Arquata la tappa marchigiana del tour nazionale delle Sardine ;NONE
208;Sardine: “Cala sipario su una bella favola. Torniamo noi stessi e ci vediamo a Scampia” ;NONE
209;"Il bagno propiziatorio delle Sardine: ""Chi non vota resta spiaggiato"" ";NONE
210;Le sardine anti Salvini a Rimini diventano saraghine: ecco l'orario ufficiale del flash mob ;NONE
211;Sardine, il leader romano Stephen Ogongo rompe con Mattia Santori ;NONE
212;Sei anche tu una sardina? ;NONE
213;Sardine in piazza a Recco: «No alla chiusura dei centri di accoglienza per migranti» ;NONE
214;«Il successo di Bologna? Da troppo tempo non andavamo in strada» ;NONE
215;C'è il coronavirus ma le sardine hanno scritto un libro ;NONE
216;"Santori da Fazio: ""Sardine nemico numero uno del populismo"". Ma il web insorge ";NONE
217;Sardine a Firenze: dove e quando si svolge la manifestazione contro odio e razzismo - Firenze ;NONE
218;Da Amici alle navi dei migranti. Sardine in missione con le Ong ;NONE
219;Le sardine si giocano tutto col voto in Emilia Romagna ;NONE
220;"Prove tecniche di ""sardine"": conta social per inserirsi nel movimento ";NONE
221;Le Sardine ora pensano al Papeete: “Siamo in 40 mila, abbiamo già vinto” ;NONE
222;Dalla piazza al congresso: le sardine vogliono dialogare con la politica ;NONE
223;Conte sulle Sardine: “Mi fanno simpatia, a disposizione per incontro” ;NONE
224;Il programma delle Sardine in una lettera scritta al premier Conte ;NONE
225;E’ il giorno della manifestazione delle Sardine in San Jacopo ;NONE
226;Le Sardine bolognesi come le Madamin torinesi? ;NONE
227;Sardine: sotto l'antisalvinismo, niente ;NONE
228;Quei legami tra le Sardine e Prodi ;NONE
229;Le Sardine di Forlì in piazza il 12 dicembre. Ecco chi sta organizzando la manifestazione ;NONE
230;Travaglio dice che le Sardine di Bologna hanno lo stesso spirito del V-Day di Grillo ;NONE
231;Eccoci: L ;NONE
232;"Urne chiuse, le Sardine fanno calare il sipario. Venneri: ""Futuro da scoprire, non siamo soli"" ";NONE
234;Sardine in giro per l’Italia. Qual è il loro vero messaggio? ;NONE
235;"Mattia Santori: ""Il popolo del Pd è più maturo dei suoi dirigenti"" ";NONE
236;Mattia Santori e l’incapacità, in un mondo che cambia, di cambiare registro ;NONE
237;"Mattia Santori, sardine in piazza a Roma per il ""No"" al referendum: scarso afflusso, il capo è assente ";NONE
238;"Mattia Santori insulta Matteo Salvini: ""Un bollito, Luca Zaia lo batte perché è uno zombie"" ";NONE
239;"Mattia Santori, al comizio di Luigi Di Maio si presenta con la t-shirt: ""Così NO la piazza che non ci sta"" ";NONE
240;"Mattia Santori contro Matteo Salvini: ""Non ci sto a farlo passare per vittima, il suo staff si è sfregato le mani per l'aggressione"" ";NONE
241;Mattia Santori ;NONE
242;"Referendum, Mattia Santori: ""Voto no. Non voto a scatola chiusa, non mi fido"" ";NONE
243;Regionali Toscana: Mattia Santori contestato ;NONE
244;"Mattia Santori, il padre di Susanna Ceccardi interrompe il comizio delle sardine a Cascina: ""I veri fascisti siete voi"" ";NONE
245;"Pd, Santori a Zingaretti: ""Senza progetto condiviso e allargato non si va da nessuna parte"" ";NONE
246;Sardine in piazza, manifestazione flop: il capo è assente ;NONE
247;"Santori: ""Salvini aggredito? Non sono improbabili risposte violente a provocazioni"" ";NONE
248;"La rivendicazione delle Sardine: ""Il Pd festeggia con il nostro spumante"" ";NONE
249;Torniamo al finanziamento pubblico dei partiti, dice Mattia Santori ;NONE
250;"Le Sardine tornano a pungere, Santori: ""Salvini bollito già dal... ";NONE
251;CERVIA: Le Sardine lanciano crowfounding per comprare una nave per salvare i migranti | VIDEO ;NONE
252;"Sallusti e Santori a DiMartedì, la sardina: ""In imbarazzo, sono d'accordo con lui e in disaccordo con Bersani"" ";NONE
253;Sardine in fuga: Mattia, niente idee ma confuse ;NONE
254;Santori: «Non mi fido. Voto No al Referendum» ;NONE
255;Lega, vicesegretario Crippa: 'Da matti mettere in discussione Salvini' ;NONE
256;“Durante il Lockdown abbiamo studiato, per questo diciamo no al taglio dei parlamentari” ;NONE
257;Il ritorno alle preferenze? W l’anticasta che fa i conti con la realtà ;NONE
258;‘Mattia Santori? Vulcano di idee ed emozioni’: post delle sardine con agiografia del leader ;NONE
259;"Mattia Santori: ""Il dialogo col Pd? E' serrato, talvolta duro"" ";NONE
260;Venerdì 25 settembre cerimonia di apertura del Festival Internazionale dell'aquilone a Cervia ;NONE
261;Mattia Santori è chiaro: “Le sardine non saranno mai un partito” ;NONE
262;Chi è Mattia Santori, il volto pubblico del movimento delle Sardine ;NONE
263;"Sardine, Sergio Echamanov lascia il movimento di Mattia Santori: ""Tutti capetti"" ";NONE
264;Che cos’è il movimento delle Sardine e chi è il suo ideatore Mattia Santori ;NONE
265;Chi è Mattia Santori e chi c’è dietro le 6.000 sardine ;NONE
266;"Veronesi a Cascina con Mattia Sartori: ""Questo è il momento delle scelte decise"" ";NONE
267;Mattia Santori scrive alle Sardine: cari amici vi scrivo per dirvi che così non va... e invita a non sprecare tutto ;NONE
268;Elezioni e referendum 2020, vincitori e vinti – Conte si rafforza, Zingaretti può capitalizzare, si… ;NONE
269;"Mattia Santori: ""Di sicuro le Sardine non sono così ingorde di ciliegie come Salvini"" ";NONE
270;"Mattia Santori (Sardine): ""I media sono ossessionati da Salvini"" ";NONE
271;Sardine pronte a lanciare il tour elettorale, Mattia Santori avverte: “Non siamo scomparsi” ;NONE
272;Quella telefonata del Papa a Mattia Santori. Ma era uno scherzo de La Zanzara ;NONE
273;L'ossessione per la leadership ha distrutto le Sardine ;NONE
274;Mattia Santori, un gruppo di ex Sardine fonda un partito ispirato a Massimo Cacciari e Liliana Segre ;NONE
275;"Coronavirus, la Sardina Mattia Santori: ""Confermo il giudizio positivo sul governo Conte perché sono i dati a dirlo"" ";NONE
276;"Mattia Santori, parla un'ex sardina: ""Ci controllavano anche i social, liti e tensioni. Era una guerra civile"" ";NONE
277;"Mattia Santori, le Sardine mollano il capo: ""Non vi bastano le piantine, ora pausa di riflessione"" ";NONE
278;"Mattia Santori, la Sardina più famosa d'Italia: ""Sono favorevole al processo a Salvini, andiamo a scoprire quanto si è spinto oltre i suoi mezzi"" ";NONE
279;"Mattia Santori: ""Il mare non si scinde"" ";NONE
280;The Social Dilemma, brutto ma necessario ;NONE
281;"Mattia Santori massacrato a In Onda: ""Sardine? Sembrate le giovanili del partito di Giuseppe Conte"" ";NONE
282;Domenica tour Sardine nella campagne di Taranto, ci sarà anche Mattia Santori - DIRE.it ;NONE
283;"Mattia Santori: ""La mia vita da sardina"" ";NONE
284;"Nicola Porro contro Mattia Santori: ""Si sente il nuovo Messia a 30 anni, ma ha combinato zero"" ";NONE
285;Sardine: chi è Mattia Santori? Biografia del leader del movimento ;NONE
286;I nuovi intellò della sinistra ;NONE
287;"Regionali, la sardina Mattia Santori: ""Non diamo indicazioni di voto"" ";NONE
288;"Sardine, Mattia Santori: ""Non siamo spariti, ci stiamo riorganizzando per il futuro"" ";NONE
289;Santori, leader delle Sardine: «Ecco la nostra fase 3» ;NONE
290;Sardine, Santori: “Non siamo scomparsi, presto partiremo con un tour per le Regionali” ;NONE
291;"Mattia Santori: ""Bonaccini non ci ha chiamato? L'umanità è molto importante"" ";NONE
292;"Mattia Santori smascherato, l'ex sardina espulsa: ""Vi dico io perché viene santificato dal Pd"" ";NONE
293;Mattia Santori e le sardine di nuovo in piazza a Bologna: 7 mesi dopo, da Salvini al rosmarino ;NONE
294;"Mattia Santori a ""Le Iene"": età, lavoro e carriera del leader delle Sardine ";NONE
295;Mattia Santori: 'Da domani si apre una nuova fase delle Sardine' ;NONE
296;"""Siamo pesci fuor d'acqua, ma ci rincontreremo"". Intervista a Mattia Santori ";NONE
297;Mattia Santori: chi è, età, lavoro e biografia del leader delle Sardine ;NONE
298;"Mattia Santori: ""Sto scoprendo un sacco di cose sulle Sardine, più è grande il mare più la sardina vive"" ";NONE
299;"Mattia Santori, la frase rubata in piazza: ""Ma è vero che l'hai convinto tu?"". Oltre la realtà ";NONE
300;Sardine, Mattia Santori, usate il sardinese, non il politichese! — L'Indro ;NONE
301;"Sardine, Mattia Santori: ""La stagione delle piazze è già finita"" ";NONE
302;"Coronavirus, la sparata di Mattia Santori: il sovranismo accelera il contagio. E su Salvini e Meloni: ""Patetici"" ";NONE
303;"Mattia Santori e le sardine contro la Ceccardi: ""Negazionista imbarazzante. Leghisti, chihuahua cialtroni"" ";NONE
304;Mattia Santori ribadisce il no a De Luca in Campania ma dice sì a un nome che unisca Pd e M5s ;NONE
305;A Taranto Mattia Santori «sbranato» da un pesce azzurro. Il video da non perdere ;NONE
306;"Mattia Santori (Sardine): ""Quando finirà la visibilità, siamo veramente disposti a continuare ad impegnarci?"" ";NONE
307;Sardine, Mattia Santori: «Berlusconi ha scoperto la tv, Grillo internet, Salvini Facebook. Noi abbiamo riportato i giovani in piazza» – Il video ;NONE
308;Mattia Santori e le Sardine si riuniscono a Milano: «È la prima di molte tappe in giro per l’Italia» – Il video ;NONE
309;"Mattia Santori: ""Il cambiamento c'è stato per tutti e ci sarà anche per noi Sardine, vedo un grande fermento politico"" ";NONE
310;Mattia Santori: “Le Sardine? Non saranno partito”. Poi citofona a Salvini | VIDEO ;NONE
311;"""Ecco cosa abbiamo imparato dopo la foto con Benetton..."": la 'sardina' Mattia Santori ";NONE
312;"Andrea Scanzi a Mattia Santori: ""Mi sembra un Renzi giovane, il principino dell'invettiva disinnescata, cosa vuole fare da grande?"" ";NONE
313;"Mattia Santori: ""La vera rivoluzione sarebbe procreare"" ";NONE
314;"La precisazione di Mattia Santori: ""Non sono il leader delle Sardine, sono quello più esposto, il martire dei media"" ";NONE
315;Mattia Santori e le sardine se ne fregano del coronavirus: il mondo viene giù, loro presentano il libro conto Salvini ;NONE
316;"Referendum sul taglio dei parlamentari, Mattia Santori: ""Non so ancora come voterò, la mia vita in questo momento non mi permette di approfondire"" ";NONE
317;"Mattia Santori: ""Se M5s non appoggia Bonaccini fa uno sgarbo politico"" ";NONE
318;"Mattia Santori a DiMartedì, la risposta sul ""bambino autistico"". Sconcerto Sallusti, svelato il bluff sardine ";NONE
319;Mattia Santori: “Salvini si è posto come leader a livello di consenso. Bisognava agire, come a Risiko” ;NONE
320;"Mattia Santori: ""Noi un partito? Ecco perché non accadrà mai"" ";NONE
321;Mattia Santori, la «sardina» che ha riempito piazza Maggiore a Bologna: «Prodi? Non lo conosco» ;NONE
322;I 6 punti programmatici delle Sardine commentati da Mattia Santori ;NONE
323;Mattia Santori: «No Casapound in piazza San Giovanni, noi siamo antifascisti, il resto è sciacallaggio ;NONE
324;"La 'sardina' Mattia Santori risponde a Matteo Salvini: ""Vi sembra normale che un politico con il suo seguito aizzi in questo modo?"" ";NONE
325;Le epurazioni delle Sardine: contesta Santori e viene espulso ;NONE
326;VIDEO | Mattia Santori incontra gli operai Whirlpool e indossa la t-shirt 'Napoli non molla' - DIRE.it ;NONE
327;"Sardine a Ravenna. Mattia Santori: ""se si sta zitti, qualcuno parlerà al nostro posto"", per questo siamo in piazza ";NONE
328;"Mattia Santori scende in piazza per Bonaccini: ""Ma non come Sardina"" ";NONE
329;"Mattia Santori, altro disastro dopo il bimbo autistico. ""A noi sardine non interessa chi vince, ma..."" ";NONE
330;“Sardine a passo Duomo”, il fondatore del movimento Roberto Morotti: «Noi non diamo risposte, la politica porti soluzioni» – L’intervista ;NONE
331;Le «Sardine» si tuffano in mare e pubblicano la foto con l’invito: «Chi non vota resta spiaggiato» ;NONE
332;Fatture false, in 70 verso il processo a Reggio Emilia ;NONE
333;Al ‘Calbi’ domani fischierà Ilaria Bianchini di Terni ;NONE
334;"Sardine, i fondatori: ""Un partito sarebbe mettere confini al mare"" ";NONE
335;"""L’Asp trovi un modo per garantire le visite"" ";NONE
336;"""Da mesi vedo mio marito solo da dietro un vetro"" ";NONE
337;"Rossini (CGIL) sul trasporto degli alunni: ""Esprimiamo forte disappunto in merito a quanto dichiarato dalle assessore comunali Ceccarelli e Morotti"" ";NONE
338;Libro sardine pubblicato dalla casa editrice Einaudi: le polemiche ;NONE
339;Utili di Marche Multiservizi, il Comune di Pesaro risponde alla Lega: «Sono mal informati» ;NONE
340;«Non strumentalizziamo Bibbiano». L’appello delle Sardine alla Lega: «Rinunciamo a quella piazza: noi e voi» – Il video ;NONE
341;"Le Sardine in piazza a Bologna: ""Siamo 40mila, il sovranismo si può battere"" ";NONE
342;Pd risponde alla lettera delle sardine: “Sono ossigeno, ma ora si occupino delle periferie” ;NONE
343;Sardine: chi sono, cosa vogliono e perché questo nome ;NONE
344;Serie D giornata 1, il programma e le designazioni arbitrali ;NONE
345;"Ecco chi c'è (davvero) dietro al movimento delle ""sardine"" ";NONE
346;Ora le “6.000 sardine” sono un marchio: registrato il simbolo all’Ue ;NONE
347;"""Sardine"", chi sono gli ideatori del flash mob contro Salvini e perché si chiamano così ";NONE
348;I leader delle Sardine: 'Siamo il nemico numero uno del populismo non solo in Italia' ;NONE
349;Oscurata la pagina Facebook delle “6.000 sardine”. Gli autori: “Colpa delle ‘segnalazioni'” ;NONE
350;"Sardine e Pinguini, la politica torna alle metafore ""animali"". È scontro - Ancona ";NONE
351;Rimini, le #sardine diventano #saraghine: in piazza Cavour domenica 24 alle 17 ;NONE
352;"""Le sardine non esistono"": la storia del fenomeno diventa un libro, per Einaudi Stile Libero ";NONE
353;Olbia: le sardine pronte a invadere la città ;NONE
354;Il fish-mob ora va in tour: “Suoniamo la sveglia” ;NONE
355;Cgil Pesaro: «I conducenti dei bus non possono essere sceriffi, il Comune di Pesaro sbaglia» ;NONE
356;Anche Ferrara adesso ha le sue 'Sardine' – Ferrara24ore ;NONE
357;I fondatori delle Sardine ospiti a Treviso da Luciano Benetton e Olivero Toscani: sui social scoppia la bufera . ;NONE
358;Care Sardine, evitate di suicidarvi - micromega-online - micromega ;NONE
359;"Sardine, Toti: ""Chi di Benetton ferisce di Benetton perisce. Quella foto è surreale"" ";NONE
360;Quanto dureranno le “sardine”? ;NONE
361;SARDINE EXPAT, IL MOVIMENTO SBARCA IN OLANDA: “ANCHE QUI C'È IL SOVRANISMO. E QUESTA VOLTA GLI STRANIERI SIAMO NOI” - di Agnese Soverini ;NONE
362;Avanzano le teste di serie, domani già tre finali ;NONE
363;Regionali, Meloni contro le Sardine: “Hanno violato la par condicio, noi unici vincitori” ;NONE
364;Sardine, il 17 gennaio conferenza stampa nazionale a Bologna ;NONE
365;I fondatori delle Sardine si tuffano in mare: «Ora al voto, abbiamo fatto il nostro» ;NONE
366;Chi è Mattia Santori, l’ideatore del movimento delle Sardine ;NONE
367;La sardina si è schierata contro il leader della Lega ;NONE
368;Salvini aggredito al comizio? Per la sardina se l'è cercata... ;NONE
369;Sardine in piazza per il No. «Ma Zingaretti ha ragione» | il manifesto ;NONE
370;Referendum, M5s in piazza per il Vota Sì Day. La sardina Santori si presenta al comizio di Di Maio in… ;NONE
371;“Basta indagini a orologeria” la sardina Jasmine Cristallo contro le inchieste durante la campagna elettorale ;NONE
372;La Lega contro il prete-Sardina, scoppia la guerra delle magliette ;NONE
373;Sardine ad Ancona senza pienone «Ma può ancora andare come in Emilia» ;NONE
374;Nuove luci sulle strade a Calcinaia Al via lavori per 90mila euro ;NONE
375;"Santori soffia sull'attacco a Salvini: ""Il suo staff si è sfregato le mani"" ";NONE
376;Museo - Folle rapina a Città del Messico, la storia vera | HotCorn.com ;NONE
377;Murale per Ennio Morricone, il ricordo del genio della musica recentemente scomparso ;NONE
378;Sardine, ricette e caratteristiche: il pesce più famoso del momento ;NONE
379;La sardina è un follower, si muove ottusamente in branco, con lo sguardo fisso dei servi, senza un briciolo di identità - ItaliaOggi.it ;NONE
380;Regionali Liguria, il Sardina-pensiero su Sansa: “Soluzione per innovare il centrosinistra” ;NONE
381;Il sindaco delle Sardine ;NONE
382;"Chi sono le ""sardine"": storia di un movimento e del suo nome ";NONE
383;La sardina Santori fa lo spot al governo. Ma i numeri sono un disastro ;NONE
384;"La Sardina Mattia Santori: ""Non siamo mai scomparsi, durante la quarantena portavamo la spesa e abbiamo lanciato campagne di raccolta fondi"" ";NONE
385;"Pisa, insultata e minacciata una militante delle Sardine: ""Beduina torna al tuo paese"" ";NONE
386;Sardina vecchia fa buon brodo. Forse ;NONE
387;La sardina bullizzata sul web da Salvini: «Basta, lascio il movimento. Non è democratico» ;NONE
388;Cosa vuol dire essere una sardina - VareseNews ;NONE
389;Aggressione omofoba alla Sardina Lorenzo Donnoli: “Ha urlato fr**io di merda e ha tentato di picchiarmi” ;NONE
390;Clamoroso: il Papa telefonò e incoraggiò la sardina in campagna elettorale ;NONE
391;"""A casa per colpa di Salvini"". Ma la sardina si è inventata tutto ";NONE
392;Sardine che bontà: tutti i benefici e le proprietà ;NONE
393;Si inaugura sabato 26 settembre il murale dedicato a Morricone e Tornatore. Parte anche il mercatino dell'antiquariato ;NONE
394;Taglio dei parlamentari, le Sardine si schierano per il No al referendum: “Riforma demagogica e… ;NONE
395;"La sardina al Giornale: ""Analfabeti"". Il commento choc del fan: ""Rimpiango le Br"" ";NONE
396;"Zagrebelsky: ""Ho scoperto la sardina che è in me"" ";NONE
397;"La sardina espulsa: ""I pesciolini servono a portare voti da M5s al Pd"" ";NONE
398;"Uccide e cucina il gatto La sardina Meryem: ""È la fame. Capisco"" ";NONE
399;"Chi è veramente la ""sardina"" col velo che insulta Salvini ";NONE
400;Sardine, boom anche al mercato: vendite +15% ;NONE
401;Lite tra i leader delle Sardine e una sardina lucana: “Chi vi ha scelto?” ;NONE
402;"Un terremoto travolge le sardine: ""Non sono un movimento democratico"" ";NONE
403;"La sardina del Sud ora sbrocca: ""Vergognatevi, sarà guerra civile"" ";NONE
404;Dichiarazione shock della sardina Santori: “Una patrimoniale per tutti gli italiani” ;NONE
405;La sardina Wanda di 85 anni: «Non chiamatemi nonna» ;NONE
406;Niccolò, la Sardina in quarantena ;NONE
407;Salvini tamarro più sexy di una Sardina ;NONE
408;"L'odio antifascista della Sardina: ""Per loro legge della giungla"" ";NONE
409;"La sardina all'attacco: ""Chi torna dal Nord e porta il virus è un criminale"" ";NONE
410;"Per i nostri lettori è ""sardina"" la parola dell'anno ";NONE
411;Sardine: chi sono gli ideatori del movimento e perché si chiamano così ;NONE
412;La sardina Santori: la stagione delle piazze forse è finita | il manifesto ;NONE
413;Le Sardine pubblicano la biografia del leader Santori: «Un sognatore, vulcano di idee» ;NONE
414;La Sardina si sente già capopartito ;NONE
415;La triste storia della sardina Ogongo: cerca la scissione ma finisce per autoespellersi ;NONE
416;Fazio? Un allevatore di Sardine ;NONE
417;"La fine ingloriosa delle sardine: ""Ci prendiamo una pausa"" ";NONE
418;Sardine, c’è chi grida all’espulsione. La replica: «Mai espulso nessuno: non siamo un partito» ;NONE
419;La gogna leghista sulla Sardina che “comprende” il giovane immigrato ;NONE
420;"Il veleno della sardina col velo ""Salvini? Stupido e ignorante"" ";NONE
421;Il delirio mistico della sardina Cristallo: “Silvia Romano come la Madonna” ;NONE
422;Goya dipinse una sardina e qualcuno se la mangiò.. ;NONE
423;La sardina Jasmine Cristallo: “L'emergenza è la paura che genera odio” ;NONE
424;Psicopatologia della sardina ;NONE
425;Patrimoniale, la follia della Sardina Santori: “Tutti diano l’1%” ;NONE
426;"Il delirio della sardina: ""Coronavirus? Situazione simile al fascismo"" ";NONE
427;Donnoli la sardina: «Siamo milioni, siamo i più competenti» ;NONE
428;Sardine: chi sono, cosa vogliono e come sono nate ;NONE
429;Com’è la sardina? ;NONE
430;"Wanda, la Sardina più anziana d'Italia: ""Non chiamatemi 'nonna'"" ";NONE
431;Il marito della sardina si dissocia da Hamas. Ecco i post che lo smentiscono ;NONE
432;Metti un pettirosso a dialogare con una sardina | il manifesto ;NONE
433;La sardina dice basta, la sardina risolve ;NONE
434;Se una Sardina vuole decidere chi può usare i social network ;NONE
435;Dalla sardina Santori al costituzionalista Tesauro: referendum, ecco chi dice bugie sul rapporto tra numero… ;NONE
436;L’ex sardina Ogongo: «Sono manovrate, in piazza andrà meno gente» ;NONE
437;Vi racconto come la Sardina Santori lavora (senza saperlo) per Salvini ;NONE
438;Giulia Bodo: la sardina “contro l’odio” che attacca i morti ;NONE
439;Sardine a Napoli, dopo il flop Santori espelle il leader napoletano e lui attacca: «Non sono... ;NONE
440;"Le Sardine: ""Unica mascherina utile è quella della cultura"" - DIRE.it ";NONE
441;"""Guardate che carica…"". Polemica su post Salvini contro sardina, che lo querela ";NONE
442;"Cara ""sardina"", in tempi come questi fai quello che capisci: taci ";NONE
443;Il pesce icona di Cristo preso per “sardina” ;NONE
444;"Sardine, Jasmine Cristallo: ""Siamo diversi dal M5S, siamo stati strumentalizzati"" ";NONE
445;Perché Sardine e Grillini sono mondi diversi che non si incontreranno mai ;NONE
446;Addio Sardine, ma l'obiettivo è raggiunto: Emilia Romagna ha abboccato ;NONE
447;Flash mob sardine anche a Reggio Emilia e a Rimini ;NONE
448;"Bologna, le ""sardine"" contro Salvini: come sono nate e perché si chiamano così ";NONE
449;"""Così Renzi rientrerà nel Pd"" Il retroscena sull'ex segretario ";NONE
450;"Sorrento, si mobilitano le ""fravaglie gialle"" per l'arrivo di Salvini: è tam tam sui social ";NONE
451;"Rimini, domenica 24 manifestazione delle ""sardine"" intitolata ""Un pesce palla per Salvini"" ";NONE
452;Elezioni regionali in Emilia-Romagna. Sardine-Lega, ultima sfida a Bibbiano ;NONE
453;Sardine, dopo il successo di Bologna e Modena il movimento cresce: migliaia di adesioni da Milano a Genova,… ;NONE
454;"""Bari non abbocca"", il 7 dicembre le sardine anti-Salvini in piazza Ferrarese: per un'Italia più libera e giusta - Il Quotidiano Italiano ";NONE
455;"Regionali, le sardine: ""Ci avete umiliati, ma alla fine avete perso"" ";NONE
456;La vergognosa foto di Emiliano che può stravolgere le Regionali ;NONE
457;"La sardina getta la maschera: ""Vado in piazza per Bonaccini"" ";NONE
458;Bonaccini vince in Emilia Romagna. Il Pd ferma Salvini. Crolla il M5S ;NONE
459;Le “sardine contro Matteo Salvini“ si moltiplicano in Emilia Romagna ;NONE
460;“Savona non abbocca”: migliaia di “Sardine” pronte ad invadere la città ;NONE
461;L'Emilia Romagna resta “rossa” ;NONE
462;"Sardine Emilia Romagna, il messaggio post elezioni. ""Adesso tocca a noi"" ";NONE
463;Le Sardine trionfano in Emilia: «Ora basta tv e giornali» ;NONE
464;Battipaglia. Cresce il Movimento delle Sardine in città ;NONE
465;Da Marsala a Bologna, parla Enrico Parrinello: “Vi racconto come sono nate le sardine” ;NONE
466;Dei gattini per mangiarsi le 'sardine': l'ironia social di Salvini che inquieta il web ;NONE
467;"I 'pinguini' contro le 'sardine': ""Sono come zecche, ce le mangiamo"" - DIRE.it ";NONE
468;Elezioni regionali dell'Emilia-Romagna. Hanno vinto Bonaccini e le Sardine, hanno perso Salvini e la destra ;NONE
469;Seimila Sardine Umbria: Nasce il movimento contro la propaganda leghista fondata sull'odio ;NONE
470;Sardine, il Direttivo Nazionale di Bologna indice un Congresso nazionale: entro fine gennaio le date ;NONE
471;Il savonese Andrea Garreffa tra i giovani che hanno organizzato il flash mob 6000sardine ;NONE
472;"Sardine ora e poi? ""Saranno anticorpo permanente"". E intanto la n.1 va in piazza da Bonaccini - DIRE.it ";NONE
473;"Regionali Emilia-Romagna, Sardine: ""Avete suonato un 'campanello' di troppo"" - DIRE.it ";NONE
474;Movimento delle sardine a Rimini, l'appuntamento è alla Vecchia Pescheria ;NONE
475;Matteo Salvini a Bologna, piazza anti-Lega stracolma | Idranti contro il corteo dei centri sociali ;NONE
476;Sardine alla corte di Benetton. E ora imbarcano pure Toscani ;NONE
477;"""Padova non si lega"": torna la manifestazione della Sardine al Portello ";NONE
478;Come sono le sardine? ;NONE
479;La Toscana non si lega, il movimento delle sardine organizza la piazza di Firenze ;NONE
480;Le Sardine di Barcellona scendono in piazza il 19 gennaio ;NONE
481;"Matteo Salvini infiamma i suoi elettori a Ravenna e dà la carica per ""mandare a casa"" il Pd per la prima volta ";NONE
482;Le Sardine di Ravenna in piazza il 4 dicembre. Parla Giulia, 20 anni, sardina fra le sardine, che vuole un'altra politica ;NONE
483;Coronavirus, indice di contagio: regione peggiore l'Emilia Romagna ;NONE
484;La moltiplicazione dei pesci. Spuntano sardine in tutta Italia ;NONE
485;Come nuotano queste sardine: da Torino a Bari, un mare di flash mob ;NONE
486;Ogni mattina un populista si sveglia ed è stato battuto dalle sardine ;NONE
487;«Piacenza non si Lega», le sardine in piazza Duomo ;NONE
488;Nuova mobilitazione delle Sardine di Piacenza, flash mob giovedì in piazza Duomo ;NONE
489;Elezioni regionali, Sardine: “Ora inizia fase più dura, saremo ovunque si voterà” ;NONE
490;Sardine, il vero effetto del movimento di piazza ;NONE
491;Sardine, come si crea un mito - L'Unico ;NONE
492;"Le ""sardine"" spuntano anche a Latina: si prepara la protesta ";NONE
493;Le sardine in piazza: “Ragusa non si lega” (o quasi) FOTO E VIDEO ;NONE
494;Sardine, dal flash mob del 14 novembre ai 40mila in piazza VIII Agosto ;NONE
495;Emilia-Romagna, Borgonzoni e Bonaccini, la vittoria in un pugno di voti: quanto servirà ai due per governare ;NONE
496;Prodi, la moglie in piazza contro Salvini: “La gente non è scema. Emilia vinceremo noi” ;NONE
497;La rivincita del pesce azzurro ;NONE
498;Sardine - Piacenza supera quota 2mila follower ;NONE
499;SARDINE ;NONE
500;Nei numeri la strage nascosta: la provincia più martoriata è in Emilia ;NONE
501;Da Nord a Sud, invasione delle sardine. Tante nuove piazze scuotono l'Italia ;NONE
502;Savona, è il giorno delle “Sardine”: in migliaia pronte ad invadere la città ;NONE
503;Elezioni regionali, le Sardine: “Missione compiuta. Ma ora inizia la fase più dura: noi ci saremo” ;NONE
504;Chi sono le sardine? Una trasformazione dei grillini? ;NONE
505;Sardine Forlì, il 12 dicembre saranno in piazza Saffi ;NONE
506;"Il biglietto di Salvini: ""Inutile attaccare i grillini, ormai sono scomparsi"" ";NONE
507;Il segretario giovanile del Pd: “Bonacini e le Sardine i vincitori: Zingaretti riformi il partito” ;NONE
508;Sardine a Palermo, migliaia di persone in piazza contro l'intolleranza. “Questa città non abbocca” ;NONE
509;"Il sindaco di Rimini a Salvini che attacca le sardine: ""Su, fa il bravo va a casa ...” ";NONE
510;Le Sardine, non sono pesce in scatola, ma un movimento politico vivo che contrasta la destra ;NONE
511;Gregoretti, via libera al processo a Salvini. La maggioranza diserta il voto ;NONE
512;"Sardine giovedì in piazza a Genova: ""Non abbocchiamo"" - DIRE.it ";NONE
513;Sardine a Roma. L'entusiasmo della partecipazione è il miglior fertilizzante della democrazia ;NONE
514;Genova, 8.000 sardine in piazza per dire no all'odio ;NONE
515;Padovan massacra CR7: Nessuno più abbocca, fa solo numeri da circo | Calcio | Calcio ;NONE
516;La scomparsa dei Becconi: perché in Romagna non ci sono più ;NONE
517;Sardine, lo spot elettorale per Bonaccini divide la sinistra e la piazza ;NONE
518;"Così l'Emilia Romagna stanga i disabili. ""È uno scandalo targato Pd"" ";NONE
519;Quella delle sardine è una piazza contro tutta la politica italiana ;NONE
520;Sardine: andremo a Bibbiano, simbolo di sciacallaggio della Lega ;NONE
521;"Le sardine: sono anti-Lega e di sinistra. E adesso spuntano da Torino a Palermo: ""I partiti restino fuori"" ";NONE
522;Nasce anche a San Benedetto il Movimento delle Sardine. Lo ha creato Marco Calvaresi ;NONE
523;Le sardine litigano. Di nuovo ;NONE
524;Sbarchi e Covid, tre casi positivi A Caltanissetta migranti in fuga ;NONE
525;Sardine, i fondatori svelano il loro futuro dopo le regionali ;NONE
526;La forza delle sardine era la loro innocenza. Ma ora la stanno perdendo (di M. Revelli) ;NONE
527;"6mila sardine, ecco la prova: la piazza ""manovrata"" dal Pd ";NONE
528;FOTO | Sardine, arriva la maglietta: 'Radical chic' colpisce ancora - DIRE.it ;NONE
529;Sardine, pienone a Firenze. A Napoli una pernacchia collettiva ;NONE
530;"Sardine ""pensionate"". È la fine di un bluff ";NONE
531;Bonaccini punge Salvini: «Non suona più i campanelli ora» e spinge ancora per il Mes ;NONE
532;“Bologna non si Lega”, il flash mob delle “sardine” riempie pacificamente piazza… ;NONE
533;Comunicato Parma: “Se non ci danno spiegazioni, contro il Bologna non convochiamo Kurtic” ;NONE
534;Festini con minorenni a Bologna, ai domiciliari ex candidato della Lega alle regionali ;NONE
535;Armi geoculturali, Formentini spiega perché la Lega dice no alle statue velate ;NONE
536;"Festini sesso e droga con minori | Ai domiciliari Cavazza, l'ex candidato alle regionali che scriveva: ""Giù le mani dai bambini"" ";NONE
537;Sosta a pagamento e strisce blu anche in periferia: ecco dove ;NONE
538;Taglio parlamentari, a Bologna si mobilita il “No” al referendum ;NONE
539;Gli appuntamenti di sabato 26 settembre a Bologna e dintorni: al Dlf i The Menlove ;NONE
540;Sardine, dalla sorpresa di Bologna alla scommessa di Roma: il racconto del percorso (attraverso 10 piazze)… ;NONE
541;Salvini a Bologna oggi, il video delle 'Sardine in piazza' ;NONE
542;Salvini a Bologna, ei centri sociali annunciano un corteo: “Bologna è partigiana” ;NONE
543;I motivi del No al referendum che taglia il numero dei parlamentari, a Bologna si scende in piazza ;NONE
544;Colpevole ;NONE
545;"De Silvestri si presenta: ""Bologna mi ha dato nuovi stimoli, farò bene. Con Siniša c'è un rapporto forte"" ";NONE
546;"San Bernardo Cantù, una partenza in salita a Bologna:""Carichi per una grande sfida"" ";NONE
547;Salvini al PalaDozza di Bologna, data. La Lega apre la campagna d'Emilia Romagna ;NONE
548;La Lega apre a Tonelli: «Confrontiamoci sui temi» ;NONE
549;Benevento, Inzaghi: «Sono fierodi questa squadra ;NONE
550;“Bologna non si Lega”, piazza Maggiore piena per la manifestazione contro il centrodestra ;NONE
551;Venezia, Treviso, Virtus e Fortitudo Bologna. Domande e risposte sul campionato di basket ;NONE
552;“Modena non si Lega”, il flash mob delle ‘sardine’ riempie piazza Grande: le immagini… ;NONE
553;Villa Inferno a Bologna, ai festini altre adolescenti: si indaga su diverse case ;NONE
554;"Tra le statue dei partigiani di porta Lame: ""Bologna non si Lega!"" - Zic.it ";NONE
555;Villa Inferno Bologna, un indagato svela le regole dei festini ;NONE
556;Bargi (Lega): “sui 600 euro attacchi infami. Ho ricevuto anche minacce” ;NONE
557;Cosa accadeva a Villa Inferno? Festini con coca e sesso. L’indagine partita dalla mamma della minore ;NONE
558;Salvini a Bologna: quattro contro-iniziative, al Paladozza rimozione auto e deviazioni al traffico ;NONE
559;Ecco la nuova maglia di gioco, un omaggio alla Polisportiva ;NONE
560;"""Frana dimenticata sulla provinciale 43"" ";NONE
561;Servizi pre e post scuola Bologna,Zaccaria'Con Regione confronto aperto' ;NONE
562;Salvini a Bologna, Pd contro il post del leghista Capitanio: “Ha paragonato i manifestanti agli… ;NONE
563;Festini con minori a Villa Inferno, l’ex candidato della Lega Cavazza: “Nessuna era costretta” ;NONE
564;"Alla Lega la piazza principale di Bibbiano, Questura ""sposta"" le Sardine. Attivisti oggi a Bologna ";NONE
565;Fortitudo Bologna: Stefano Mancinelli verso il forfait contro Roma ;NONE
566;A Imola vince il centrosinistra, la Lega arretra ;NONE
567;Elezioni comunali Imola 2020: i nomi degli eletti in consiglio comunale ;NONE
568;GdM – Palmieri presenta Adjapong: “È un calciatore che non si tira mai indietro: si farà apprezzare dai tifosi salentini” ;NONE
569;"Le ""sardine"" contro Matteo Salvini si moltiplicano in Emilia e in tutta Italia, da Torino a Sorrento ";NONE
570;"La Lega sbarca in centro città: ""Nuova sede"" ";NONE
571;"Il 30 novembre Salvini a Firenze. Le ""sardine"" pronte alla piazza ";NONE
572;Calcio in tv, via alla stagione su Sky: 266 partite in esclusiva (ma c'è l'incognita sul futuro) ;NONE
573;Comunali 2021, la Lega si scalda: Salvini a Bologna per la nuova sede ;NONE
574;De Laurentiis positivo all’Assemblea di Lega, Fenucci in isolamento fiduciario ;NONE
575;I 5 Stelle che si vogliono intestare la piazza di Bologna contro Salvini ;NONE
576;Virtus Bologna, Luca Baraldi ''Le Lega Basket valuti con attenzione se partire senza pubblico'' - Serie A ;NONE
577;Salpa a 91 anni per il giro d’Italia a vela: “Voglio vivere” ;NONE
578;"Sardine, pronto raduno a Imola. E Lega: ""Passino da noi a firmare vs il MES"" ";NONE
579;Effetto citofonata di Salvini al Pilastro di Bologna: alle Regionali la Lega non va oltre il 20%, Pd al 41% ;NONE
580;Coronavirus, 6mila piantine colorano Piazza Maggiore a Bologna. Le Sardine: “In vendita per sostenere… ;NONE
581;Bologna non è Berlino. I leghisti filorussi peccano in geografia ;NONE
582;Storia inquietante di Elio Ciolini, ricercato depistatore nero individuato in Centrafrica ;NONE
583;Anticipo Girone B: Legnago Salus raggiunge Vis Pesaro nel finale ;NONE
584;Bologna, camion della Lega si incastra sotto il ponte. Ironia sui social: “In Emilia non passa” ;NONE
585;"Salvini in Piazzola, contestazioni e selfie: ""Vinciamo noi"", ""In Emilia non accadrà mai"" | VIDEO ";NONE
586;Sì, questa è una una foto della manifestazione delle “sardine” a Bologna ;NONE
587;"Calciomercato - La Liga ""blocca"" Messi. In Serie A, Cagliari e Benevento scatenate. Bologna FC, continua la caccia a Supryaga. ";NONE
588;Per la storia del PalaDozza Salvini è un estraneo malvoluto e detestato - Zic.it ;NONE
589;Salvini a Bologna, il flash mob delle 'sardine' in piazza Maggiore. Video ;NONE
590;Salvini a Bologna: le sardine rosse contro il Paladozza leghista ;NONE
591;'Bibbiano non si lega', in piazza anche le Sardine: 'Abbiamo inceppato la macchina dell'odio' ;NONE
592;"Salvini a Bologna, pullman dalla Lombardia: ""Questa volta non può barare sui numeri"" ";NONE
593;Bologna, festini con minorenni: ai domiciliari un ex candidato della Lega alle regionali ;NONE
594;Flavia Franzoni: “Io c'ero tra le sardine di Bologna. Ma ora lasciamo respirare questa piazza” ;NONE
595;"Mattia, la 'sardina' che ha riempito Piazza Maggiore contro Matteo Salvini: ""Non conosco Prodi"" ";NONE
596;"Salvini a Borgo Panigale con i No Tram: ""Se vinciamo lo blocchiamo"" | VIDEO ";NONE
597;Merola: “Le sardine nate a Bologna? Non è un caso. E in Emilia-Romagna la Lega non passerà” ;NONE
598;Il modello Salvini forse non funziona più ;NONE
599;Che cosa dicono le piazze contrapposte di Bologna tra Bonaccini e Borgonzoni ;NONE
600;"Sardine riunite a Firenze ""La Toscana non si Lega"" ";NONE
601;"Salvini a Bologna con Lucia Borgonzoni: ""Al Palazzo dello Sport comincia la rinascita dell'Emilia"" ";NONE
602;Bologna, nasce il “manifesto delle Sardine” anti-Lega: “Cari populisti la festa è finita ;NONE
603;"Discarica rifiuti di Rio d’Orzo Facci (Lega): ""Era stata cancellata Perché il progetto va avanti?"" ";NONE
604;"Elezioni Emilia Romagna 2020, Salvini a Bologna. ""Ecco la risposta all'ok al mio processo"" ";NONE
605;Sardine a Bologna il 19 gennaio: «Evento destinato a rimanere nella storia» ;NONE
606;Bologna, a piazza Maggiore spunta il pinguino anti-sardine ;NONE
607;Palermo non si Lega, venerdì 22 la manifestazione delle “sardine” ;NONE
608;Guida all’Asta, i centrocampisti: i top e non solo, ecco titolari, low cost e chi evitare ;NONE
609;BOLOGNA: MIGRANTI E ANTIRAZZISTI IN PIAZZA PER DIRE BASTA ALLO SFRUTTAMENTO ;NONE
610;Sardine, è doveroso porsi una domanda. E la risposta è un fallimento ;NONE
611;Sardine indigeste per Salvini. Da Nord a Sud monta la protesta. Dopo Bologna, flash mob in tutta Italia contro la Lega. Il leader del Carroccio preoccupato ora cerca il dialogo ;NONE
612;Piovono sardine 21/11/2019 ;NONE
613;"""L'Emilia-Romagna non ti accetta"", Salvini contestato a Ozzano ";NONE
614;Rimini, Salvini abbraccia Lino Banfi e Serena Grandi. Le sardine in piazza Cavour ;NONE
615;Bologna, le ‘sardine’ vanno controcorrente. Ma se non cambiano finiranno fritte in padella ;NONE
616;Focolaio covid a Bologna: le letture opposte di SI e Lega ;NONE
617;Emilia Romagna, le ‘sardine’ fanno tornare un po’ di ottimismo: c’è ancora voglia di… ;NONE
618;Sardine a Roma: “Siamo in 7mila. Le nostre piazze non sono riempite dai pullman” ;NONE
619;"SALVINI A LECCO, M5S: ""RISPETTI LE MISURE ANTI-COVID"". LA LEGA RASSICURA ";NONE
620;La Lega di Salvini perde voti ma il leghismo è più vivo che mai… ;NONE
621;Il movimento anti-Salvini tra sardine, pescatori di elettori e marinai incerti ;NONE
622;Conte: “Quota 100 non sarà rinnovata”. Ira di Salvini ;NONE
623;Sabrina Ferilli pronta a votare per Virginia Raggi, Matteo Salvini: «Non vive tra le buche e nella sporcizia» ;NONE
624;L’asse Zaia-Meloni è la trappola perfetta per rottamare definitivamente Matteo Salvini ;NONE
625;Salvini verso il ridimensionamento. Troppi errori tattici del leader leghista ;NONE
626;La disco-destra di Flavio Briatore e i grandi pronostici di Matteo Salvini: vota il peggio ;NONE
627;"Contestato e sotto pressione giudiziaria, Salvini fa la vittima: ""Odio contro di me"" ";NONE
628;Regionali Valle d’Aosta, delusione per Salvini: Lega primo partito ma va verso l’opposizione ;NONE
629;Il sondaggio post voto: sei punti tra Lega e Pd. FdI sorpassa il M5s ;NONE
630;Il Pd, i 5 stelle e il boomerang del Mes ;NONE
631;Sondaggi politici, Fratelli d’Italia raggiunge il Movimento Cinque Stelle. Cala la fiducia in Conte ;NONE
632;Bologna, ecco chi è l’inventore del movimento delle «sardine» anti Salvini ;NONE
633;"Sardine, anche a destra piace il movimento ""anti Salvini"": la sfida dei 100mila ";NONE
634;Sardine a Perugia, successo per la manifestazione anti-Salvini ;NONE
635;"Le sardine ""nuotano"" fino a Milano: come è nato e chi c'è dietro al movimento anti Salvini ";NONE
636;Anche a Cuneo le sardine del movimento anti Salvini ;NONE
637;"Il movimento anti Salvini arriva anche in Maremma: nasce il gruppo ""Sardine A Grosseto"" ";NONE
638;L'Opinione delle Libertà ;NONE
639;Quanto si detestano Marco Travaglio e Roberto Saviano ;NONE
640;Referendum, centrodestra diviso: le posizioni di Salvini, Meloni e Berlusconi ;NONE
641;Sardine, il movimento anti-Salvini arriva con un flash mob a La Maddalena ;NONE
642;"Cuperlo a TPI: ""Alleanza Pd-M5S unica via, Salvini e Renzi hanno fallito"" ";NONE
643;Referendum e Regionali: vincono Conte e Zingaretti. Perde Salvini ;NONE
644;"Anche a Forlì nasce il movimento delle ""sardine"" contro Salvini: ""In piazza contro la politica dell’odio"" ";NONE
645;Due sardine identificate dalla Digos per aver esposto un cartello contro Salvini ;NONE
646;"Roma, ora le Sardine sono oltre 120mila: ""Il 14 dicembre, tutti a Roma per la grande manifestazione anti-Salvini"" ";NONE
647;Le 'sardine' anti-Salvini arrivano a Brescia: pronte in migliaia a scendere in piazza ;NONE
648;Sardine, Patty Smith a Ravenna: endorsement al movimento anti Salvini ;NONE
649;Sardine: il Movimento anti Salvini sbarca anche a ;NONE
650;"""Attenti a dare per morti populisti e sovranisti"". Intervista ad Angelo Panebianco ";NONE
651;Bari, parla Vacca: La Puglia ha scelto l'Europa ;NONE
652;"""Sardine Ponentine"": anche a Imperia nasce il movimento anti-Salvini. ""Per difenderci da odio e divisioni"" ";NONE
653;"“Sardine Ponentine”: l'endorsement di Gabrielli (Rifondazione Comunista) al movimento anti-Salvini. ""Serve un progetto che richiede coraggio e organizzazione"" ";NONE
654;Palermo, le Sardine sfidano Salvini usando la Costituzione ;NONE
655;Sardine contro Salvini anche nella Marca: «Treviso non si Lega» ;NONE
656;"Anche a Ravenna nasce il movimento delle ""sardine"" contro Salvini ";NONE
657;Le sardine anti-Salvini arrivano anche a Brescia ;NONE
658;M5s, Cicchitto (ReL) a 'Libero': “M5s al bivio, tornare alle origini o salvare esecutivo e poltrone” ;NONE
659;Napoli, flop di sardine e antagonisti Vuota la piazza anti-Salvini ;NONE
660;Dalle 'sardine' alle 'fravaglie', flash mob anti-Salvini anche a Sorrento - DIRE.it ;NONE
661;"Il rabbioso ritorno delle sardine: ""Salvini? Sciacallo"" ";NONE
662;"Firenze, le Sardine sfidano Salvini: manifestazione in piazza, ""Siamo 40mila"" ";NONE
663;Sardine a Napoli, in migliaia contro Matteo Salvini cantano “Bella Ciao” ;NONE
664;Il manifesto del popolo delle sardine: “Cari populisti avete tirato la corda, ora si è spezzata” ;NONE
665;Ravenna, 7mila sardine in piazza contro Salvini che attacca la Nutella ;NONE
666;La politica a un giro di boa che chiude un ciclo (di D. Palano) ;NONE
667;"Piazze piene a Bologna e Modena contro la destra di Salvini: è nato il ""movimento delle sardine"" ";NONE
668;Le matrioske di Navalny | il manifesto ;NONE
669;Antisemitismo, Salvini: movimento contro Israele va messo fuori legge ;NONE
670;Pinguini pro-Salvini, l’opposizione al movimento delle Sardine ;NONE
671;"""Non mbuccari!"": Reggio non si Lega, le sardine sbarcano in città e nella Regione ";NONE
672;Secchiate e auto blu. La favola a 5 Stelle finisce malamente nella terra di Di Maio ;NONE
673;Dalla manifestazione di Roma le 5 richieste delle Sardine: “Abolire i Decreti Salvini” ;NONE
674;Nasce Voce Libera: il movimento ‘anti-Salvini’ della Carfagna ;NONE
675;Salvini a Barcellona, il Movimento Città Aperta: “Lega semina odio contro chi è diverso” ;NONE
676;La sinistra si attacca ai biscotti. Bufera per il post su Salvini con i Ringo ;NONE
677;Sardine, le sei richieste del movimento alla politica. Meno violenza verbale, meno ministri in tv e via i decreti Salvini ;NONE
678;Le ‘Sardine’ arrivano anche a Genova. La protesta anti-Salvini a De Ferrari ;NONE
679;Sardine anti-Salvini, oscurata per ore la pagina Facebook ;NONE
680;Così vogliono far ripartire il business dell'accoglienza ;NONE
681;"Le sardine ""nuotano"" fino a Roma: anche nella Capitale arriva il movimento anti Salvini ";NONE
682;Le Sardine pronte a invadere Cosenza: «No a Salvini, la Calabria non si Lega» ;NONE
683;Le Sardine anti-Salvini si riprendono le piazze italiane ;NONE
684;Le Sardine anche a Como ;NONE
685;#tiromancino – Elezioni&Referendum: grande confusione sotto il cielo, situazione eccellente. Ma anche no - IlGiunco.net ;NONE
686;Elezioni Regionali Campania, risultati in diretta: De Luca ha vinto. Caldoro ammette sconfitta ;NONE
687;Le sardine sbarcano a Taranto «anti-Salvini, ma non siamo un partito» ;NONE
688;"Movimento delle Sardine, Saviano: ""Salvini li teme e gioca alla fiera dell'Est. Il professore anti sardine? Un fesso"" ";NONE
689;"""A Chieti saremo migliaia"". Ma le sardine fanno un altro flop ";NONE
690;Le sardine anti-Salvini spuntano anche in Sicilia: «Presto a Catania» ;NONE
691;Sardine a Milano, Firenze e Puglia: le tappe dell'antisalvinismo ;NONE
692;Referendum 2020 taglio parlamentari: i partiti per il sì e per il no ;NONE
693;"Sardine, attacco di Buffagni (M5s): ""Un palco degno degli U2. Chi lo paga?"". La replica: ""Costato 2800 euro, tutto trasparente"" ";NONE
694;E la riforma anti-Salvini continua a slittare ;NONE
695;Il Movimento delle sardine: dall'Italia all'Europa. Contro odio e populismo ;NONE
696;Pesci d'aprile: sardine contro sardine. Il movimento ittico annuncia bilocazione anti-Salvini - Reggio Emilia e dintorni ;NONE
697;"Sardine, Simone Di Stefano di CasaPound: ""In piazza con loro"". La mossa spacca il movimento anti-Salvini ";NONE
698;Disinformazione, il movimento contro le mascherine si diffonde in Europa ;NONE
699;Sardine, Salvini le rivaluta e Prodi le sostiene: “Chiedono toni civili, gente stufa di tensioni” ;NONE
700;"""Viterbo non si Lega"", le ""sardine"" anti Salvini sbarcano nella città dei Papi ";NONE
701;Sardine anti-Salvini sbarcano a Palermo, anche l'amministrazione aderisce al raduno - DIRE.it ;NONE
702;La nuova balena bianca che rischia di diventare un’accozzaglia senza identità ;NONE
703;«Sardine» contro Salvini in Puglia: «Voglia di politica, manca un soggetto che faccia sintesi» ;NONE
